[ {
  "uid" : "26e1596e862cccce",
  "name" : "test_demo1[test_info2]",
  "time" : {
    "start" : 1610508364506,
    "stop" : 1610508365639,
    "duration" : 1133
  },
  "status" : "passed",
  "severity" : "critical"
}, {
  "uid" : "e8b9fbdf9a14ca3b",
  "name" : "test_demo3",
  "time" : {
    "start" : 1610508377284,
    "stop" : 1610508377284,
    "duration" : 0
  },
  "status" : "passed",
  "severity" : "critical"
}, {
  "uid" : "96ed633542387d08",
  "name" : "test_demo2[test_info0]",
  "time" : {
    "start" : 1610508369492,
    "stop" : 1610508371108,
    "duration" : 1616
  },
  "status" : "passed",
  "severity" : "critical"
}, {
  "uid" : "4a7184618b993ff9",
  "name" : "test_demo4",
  "time" : {
    "start" : 1610508377291,
    "stop" : 1610508377291,
    "duration" : 0
  },
  "status" : "skipped",
  "severity" : "critical"
}, {
  "uid" : "b1356c7f1f0c0e63",
  "name" : "test_demo1[test_info0]",
  "time" : {
    "start" : 1610508354376,
    "stop" : 1610508355532,
    "duration" : 1156
  },
  "status" : "passed",
  "severity" : "critical"
}, {
  "uid" : "ffc89e7028aa2898",
  "name" : "test_demo1[test_info1]",
  "time" : {
    "start" : 1610508359516,
    "stop" : 1610508360671,
    "duration" : 1155
  },
  "status" : "passed",
  "severity" : "critical"
} ]